"offset","length","en","id"
"84788","16","Almost finished.","Hampir selesai."
"84805","14","Survey Request","Permintaan Survei"
"84820","74","Well, excuse me for being a little stressed out over the end of the world!","Baiklah, maafkan saya karena sedikit stres karena akhir dunia!"
"84895","20","18 GENERIC Zheng Chu","18 GENERIK Zheng Chu"
"84916","48","Jesus, what a waste. Marshall may be lost. -%1$s","Ya Tuhan, sayang sekali. Marshall mungkin tersesat. -%1$s"
"84965","8","Pharmacy","Farmasi"
"84974","27","What are you doing up here?","Apa yang kamu lakukan di sini?"
"85002","37","Maybe they have room for one more ...","Mungkin mereka punya ruang untuk satu lagi..."
"85040","15","Amateur Chemist","Ahli Kimia Amatir"
"85056","29","Clear, sir. Black Friday out.","Jelas, Pak. Black Friday keluar."
"85093","9","Make MREs","Buat MRE"
"85103","143","Doors are never considered locked for you, and you make no noise when you search. You can also move quickly while sneaking by holding [sprint].","Pintu tidak pernah dianggap terkunci bagi Anda, dan Anda tidak mengeluarkan suara saat mencari. Kamu juga bisa bergerak cepat sambil menyelinap dengan menahan [sprint]."
"85247","130","After witnessing the death of her rescuer, Michele Martin attempted to flee on her own, but soon fell prey to the zombies herself.","Setelah menyaksikan kematian penyelamatnya, Michele Martin berusaha melarikan diri sendiri, tapi segera menjadi mangsa zombie itu sendiri."
"85378","60","You'll be tending my boot up your ass if you're not careful.","Kamu akan mengurus sepatu botku jika kamu tidak hati-hati."
"85439","44","I am way too tired to lug that thing around.","Aku terlalu lelah untuk membawa benda itu kemana-mana."
"85484","8","Quintero","kuintero"
"85493","49","We need more ammunition or we're in real trouble.","Kita memerlukan lebih banyak amunisi atau kita akan berada dalam masalah besar."
"85543","15","Has lost trust.","Telah kehilangan kepercayaan."
"85559","30","Research Chemical Incendiaries","Penelitian Pembakar Kimia"
"85590","11","Drank a Lot","Minum Banyak"
"85605","58","When you're ready, use your radio to call for extraction. ","Jika Anda sudah siap, gunakan radio Anda untuk meminta ekstraksi. "
"85665","32","You will leave on the next helo.","Anda akan berangkat pada halo berikutnya."
"85698","56","Some people are too INDEPENDENT to ever give 100% trust.","Beberapa orang terlalu INDEPENDEN untuk memberikan kepercayaan 100%."
"85755","57","Fully exploring a building creates a temporary safe area.","Menjelajahi bangunan sepenuhnya menciptakan area aman sementara."
"85813","10","Richardson","Richardson"
"85824","14","Help & Options","Bantuan & Opsi"
"85839","39","Just let me know when you find the Doc.","Beritahu saya jika Anda sudah menemukan Dokternya."
"85879","18","HURT: Cracked Ribs","TERLUKA: Tulang Rusuk Retak"
"85898","13","Search (Hold)","Cari (Tahan)"
"85920","68","I'm having a heck of a time finding people willing to trade with us.","Saya kesulitan menemukan orang yang mau berdagang dengan kami."
"85989","33","Help the survivor gather supplies","Bantu korban mengumpulkan perbekalan"
"86037","45","The youngest Wilkerson brother is near death.","Adik bungsu Wilkerson hampir meninggal."
"86083","20","%d Civilians Rescued","%d Warga Sipil Diselamatkan"
"86104","157","Seeing this thing finally done... it's worth all the splinters and sore muscles. We're actually building something new here, not just squatting in the ruins.","Melihat hal ini akhirnya selesai... itu sepadan dengan semua serpihan dan nyeri otot. Kami sebenarnya sedang membangun sesuatu yang baru di sini, tidak hanya tinggal diam di reruntuhan."
"86262","25","Yes, we're building here.","Ya, kami sedang membangun di sini."
"86288","30","Trait Discovered: Lost Brother","Sifat yang Ditemukan: Saudara yang Hilang"
"86319","25","I hope that was worth it.","Saya harap itu sepadan."
"86345","81","The most important thing, at a time like this, is knowing somebody has your back.","Hal terpenting, di saat seperti ini, adalah mengetahui seseorang mendukung Anda."
"86427","28","Looks like zeds on our left.","Sepertinya zeds di sebelah kiri kita."
"86456","31","Given any thought to our offer?","Mengingat tawaran kami?"
"86488","23","90 GENERIC Darryl White","90 GENERIK Darryl White"
"86512","48","No, I wouldn't call this a defensible perimeter.","Tidak, saya tidak akan menyebut ini sebagai perimeter yang bisa dipertahankan."
"86561","56","Having someone up here should help keep the zeds at bay.","Memiliki seseorang di sini akan membantu menjaga jarak."
"86618","13","Oh, fuck you!","Oh, persetan!"
"86632","121","So don't go thinking you can force us to take you away from all this, because we will shoot you. Thoroughly. That is all.","Jadi jangan berpikir kamu bisa memaksa kami untuk membawamu pergi dari semua ini, karena kami akan menembakmu. Secara menyeluruh. Itu saja."
"86754","24","Zeds north of the border","Zeds di utara perbatasan"
"86779","29","Now that you mention it...no.","Sekarang setelah Anda menyebutkannya...tidak."
"86809","33","Those things are gas guzzlers. We","Hal-hal itu boros bahan bakar. Kami"
"86845","49","ll need a lot of fuel if we want to get anywhere.","kita akan membutuhkan banyak bahan bakar jika kita ingin pergi kemana saja."
"86910","31","How about some help over here?!","Bagaimana kalau bantuan di sini?!"
"86942","64","Built-in facilities can never be upgraded. You get what you get.","Fasilitas bawaan tidak akan pernah dapat ditingkatkan. Anda mendapatkan apa yang Anda dapatkan."
"87007","108","Thomas Horn's graduate assistant, Madison Grant, is on a helo bound for ... well, someplace safer than here.","Asisten pascasarjana Thomas Horn, Madison Grant, sedang dalam perjalanan menuju ... yah, tempat yang lebih aman daripada di sini."
"87117","105","If anyone can turn Horn's notes into something that might help against this apocalypse, it's her. I hope.","Jika ada yang bisa mengubah catatan Horn menjadi sesuatu yang mungkin bisa membantu melawan kiamat ini, dialah orangnya. Saya harap."
"87223","12","Current Goal","Tujuan Saat Ini"
"87236","23","KILLED: Dr. Thomas Horn","TERBUNUH: Dr. Thomas Horn"
"87260","206","The Home page is where you can view, build, and upgrade your Community's Facilities. Use the mouse to select a Facility Slot and get more information about the bonuses it provides and the actions available.","Halaman Beranda adalah tempat Anda dapat melihat, membangun, dan meningkatkan Fasilitas Komunitas Anda. Gunakan mouse untuk memilih Slot Fasilitas dan dapatkan informasi lebih lanjut tentang bonus yang diberikan dan tindakan yang tersedia."
"87468","174","An Infirmary is critical when it comes to dealing with disease and injury; a Workshop is necessary to keep your gear in working order; a Latrine helps stave off disease, etc.","Rumah Sakit sangat penting dalam menangani penyakit dan cedera; sebuah Bengkel diperlukan untuk menjaga perlengkapan Anda tetap berfungsi; jamban membantu mencegah penyakit, dll."
"87643","34","We could set up a watchtower here.","Kita bisa mendirikan menara pengawal di sini."
"87678","59","Custom paint job on this sport utility vehicle. Seats four.","Pekerjaan cat khusus pada kendaraan sport ini. Kursi empat."
"87738","25","128 HERO Charley Marshall","128 PAHLAWAN Charley Marshall"
"87764","34","Requires SYNDICATED ADVICE COLUMN.","Membutuhkan KOLOM SARAN SINDIKASI."
"87799","7","Level 7","tingkat 7"
"87807","83","Y'know, you're not the only person who feels like shit. We all got a bum deal here.","Kau tahu, kamu bukan satu-satunya orang yang merasa seperti orang bodoh. Kita semua mendapat masalah besar di sini."
"87891","38","Try not to attract too much attention.","Cobalah untuk tidak menarik terlalu banyak perhatian."
"87930","71","If you're not too busy feeling sorry for yourself, follow me for a sec.","Jika Anda tidak terlalu sibuk mengasihani diri sendiri, ikuti saya sebentar."
"88002","96","The Titanic of the road, cruising (at low speeds) in a style that only 1987 Detroit could offer.","Titanic jalanan, melaju (dengan kecepatan rendah) dengan gaya yang hanya bisa ditawarkan Detroit tahun 1987."
"88099","28","This is ... a Spartan Sword!","Ini adalah... Pedang Spartan!"
"88128","108","Swine flu, Corporal? Are you trying to tell me the thing that kicks off the Book of Revelation is swine flu?","Flu babi, Kopral? Apakah Anda mencoba memberi tahu saya bahwa hal yang memulai Kitab Wahyu adalah flu babi?"
"88237","22","Fight fire with steel.","Lawan api dengan baja."
"88260","44","Can't say this is the safest I've ever felt.","Tidak bisa mengatakan ini adalah yang paling aman yang pernah saya rasakan."
"88305","48","We might actually unfuck ourselves at this rate.","Kita mungkin akan mengacaukan diri kita sendiri jika terus begini."
"88354","50","%d added to Supply Locker. (Passable food supply.)","%d ditambahkan ke Loker Pasokan. (Persediaan makanan lumayan.)"
"88405","23","120 HERO Alan Gunderson","120 PAHLAWAN Alan Gunderson"
"88433","90","Could be so much more than just another zombie-killing grunt. If only people would listen.","Bisa jadi lebih dari sekadar dengusan pembunuh zombie. Andai saja orang mau mendengarkan."
"88524","13","Tattoo Artist","Artis Tato"
"88538","47","Yeah, well, faith's not exactly my strong suit.","Ya, iman bukanlah kelebihanku."
"88586","41","Hold on, Eldridge. You'll have your time.","Tunggu sebentar, Eldridge. Anda akan punya waktu."
"88628","8","Dalhgren","Dalhgren"
"88637","32","Just need a couple more minutes.","Hanya perlu beberapa menit lagi."
"88670","8","Brittany","Brittany"
"88679","108","Black Friday, recon just picked up movement near the last known position of one of Doctor Horn's colleagues.","Black Friday, pengintaian baru saja mendeteksi pergerakan di dekat posisi terakhir salah satu rekan Dokter Horn yang diketahui."
"88795","27","Don't forget to be awesome!","Jangan lupa menjadi luar biasa!"
"88830","60","In the meantime, I think I'm going to look around some more.","Sementara itu, saya pikir saya akan melihat-lihat lagi."
"88891","14","Random injury!","Cedera acak!"
"88906","29","TRUST LOST (Ally Set on Fire)","KEPERCAYAAN HILANG (Sekutu Terbakar)"
"88936","21","Wouldn't mind a hand.","Tidak keberatan membantu."
"88958","29","Jesus Christ, that was close.","Ya Tuhan, itu sudah dekat."
"88988","30","We should try to make contact.","Kita harus mencoba melakukan kontak."
"89019","33","Man, they're all over that thing.","Sobat, mereka semua mengurus hal itu."
"89053","37","Press [aim.reload] to unjam your gun.","Tekan [aim.reload] untuk melepaskan senjata Anda."
"89091","34","EXPIRED: Trouble at the Courthouse","KEDALUWARSA: Masalah di Gedung Pengadilan"
"89126","8","Controls","Kontrol"
"89135","44","White paint pen on black construction paper.","Pena cat putih pada kertas konstruksi hitam."
"89180","18","Assault Rifle: RFB","Senapan Serbu: RFB"
"89199","97","I like a fight as much as the next guy, but maybe we should try using a little stealth next time.","Saya menyukai pertarungan seperti halnya orang berikutnya, tapi mungkin lain kali kita harus mencoba menggunakan sedikit sembunyi-sembunyi."
"89297","45","Unhappy community members create instability.","Anggota masyarakat yang tidak bahagia menciptakan ketidakstabilan."
"89343","31","Muffin angels forty, ten mikes.","Malaikat muffin empat puluh, sepuluh mikrofon."
"89375","126","Yeah, well... when I was a kid, my best friend Sally? She lived in this house. I was so jealous, I always wanted to live here.","Ya, baiklah... saat aku masih kecil, sahabatku Sally? Dia tinggal di rumah ini. Saya sangat iri, saya selalu ingin tinggal di sini."
"89502","32","Passed on a job from Ray Santos.","Melewati pekerjaan dari Ray Santos."
"89535","56","Let's hope we don't have to do that again any time soon.","Semoga saja kita tidak perlu melakukan hal itu lagi dalam waktu dekat."
"89592","42","It ain't hard to find. Lemme see your map.","Tidak sulit untuk menemukannya. Biarkan aku melihat petamu."
"89635","18","People are Strange","Orang-orang itu Aneh"
"89660","58","Something cropped up with the Garden. Uh. No pun intended.","Sesuatu muncul dengan Taman. Eh. Tidak ada permainan kata-kata yang dimaksudkan."
"89719","18","No, not this time.","Tidak, tidak kali ini."
"89738","36","ADD MISSION. Find out where Carl is.","TAMBAHKAN MISI. Cari tahu di mana Carl berada."
"89775","39","Umm. Yeah. Sorry. Too much information.","Hmm. Ya. Maaf. Terlalu banyak informasi."
"89815","23","I'll see what I can do.","Saya akan melihat apa yang bisa saya lakukan."
"89839","67","I'd like to see her try to cut through a horde and save a civilian.","Saya ingin melihatnya mencoba menerobos gerombolan dan menyelamatkan warga sipil."
"89907","20","ABORTED: Accusations","DIBATALKAN: Tuduhan"
"89928","51","That high-value asset is on the way to the capital.","Aset bernilai tinggi itu sedang dalam perjalanan menuju ibu kota."
"89980","17","Back in business.","Kembali dalam bisnis."
"89998","264","Hadley is the son of Matthew Westen, the sole proprietor of Westen Allied Industries. With most government services out of commission, we're relying on Westen's shipping business (Westen Food Services) to keep supply lines running. And that means rescuing his son.","Hadley adalah putra Matthew Westen, pemilik tunggal Westen Allied Industries. Karena sebagian besar layanan pemerintah tidak lagi beroperasi, kami mengandalkan bisnis pengiriman Westen (Westen Food Services) untuk menjaga jalur pasokan tetap berjalan. Dan itu berarti menyelamatkan putranya."
"90263","64","Looks like I'm stuck minding the home front till this arm heals.","Sepertinya aku terjebak mengurus bagian depan rumah sampai lengan ini sembuh."
"90328","103","Walking? Please. Just reach under the steering column, touch the brown wire to the red ones, and voila.","Sedang berjalan? Silakan. Cukup raih bagian bawah kolom kemudi, sentuhkan kabel coklat ke kabel merah, dan voila."
"90432","48","Food, medicine, ammunition, materials, and fuel.","Makanan, obat-obatan, amunisi, material, dan bahan bakar."
"90481","122","[firm but sympathetic] Look, I know this is a shitty deal, but you can't just crawl into a corner and hide from the world.","[tegas tapi simpatik] Dengar, aku tahu ini kesepakatan yang buruk, tapi kamu tidak bisa begitu saja merangkak ke sudut dan bersembunyi dari dunia."
"90604","28","We need to search this area.","Kita perlu mencari di area ini."
"90633","14","Aluminum Pipes","Pipa Aluminium"
"90648","26","42 GENERIC Tom Cassavettes","42 Kaset Tom GENERIK"
"90675","57","Let's see to those barricades before more of 'em show up.","Mari kita lihat barikade itu sebelum lebih banyak lagi yang muncul."
"90733","31","Hey. I have some supplies here?","Hai. Saya punya persediaan di sini?"
"90765","45","Don't suppose you'd be willing to take us in?","Jangan kira Anda bersedia menerima kami?"
"90811","157","I've always been a private person. Even when my husband was still alive, I always had my own office I could disappear into, just to have some time to myself.","Saya selalu menjadi orang yang tertutup. Bahkan ketika suamiku masih hidup, aku selalu punya kantor sendiri yang bisa kutinggalkan, hanya untuk punya waktu sendiri."
"90969","55","How'd you get through that so easily? What's the trick?","Bagaimana kamu bisa melewatinya dengan mudah? Apa triknya?"
"91028","45","Take out the Screamers, and the rest is easy.","Kalahkan Screamers, dan sisanya mudah."
"91074","98","I, um ... look, I know what you're thinking, and I swear, we had no idea this was going to happen.","Saya, um... dengar, saya tahu apa yang Anda pikirkan, dan saya bersumpah, kami tidak menyangka hal ini akan terjadi."
"91173","91","Be advised that I have authorized all troops to respond to such measures with lethal force.","Mohon diperhatikan bahwa saya telah memberi wewenang kepada seluruh pasukan untuk menanggapi tindakan tersebut dengan kekuatan yang mematikan."
"91265","23","HISTORY: Nearly Starved","RIWAYAT: Hampir Kelaparan"
"91289","91","Things are starting to sound pretty urgent. I don't know how long our friends can hold out.","Segalanya mulai terdengar sangat mendesak. Aku tidak tahu berapa lama teman kita bisa bertahan."
"91381","21","Built In Medical Area","Dibangun Di Area Medis"
"91403","121","It could be that ""Cleo"" knows our original deployment plan, but hasn't been keeping up with current events. Highroad out.","Bisa jadi ""Cleo"" mengetahui rencana penerapan awal kami, namun belum mengikuti perkembangan terkini. Jalan raya keluar."
"91529","37","You know anything about this Ray guy?","Anda tahu sesuatu tentang pria Ray ini?"
"91586","13","A good setup.","Pengaturan yang bagus."
"91607","50","Need to head home and rest. Food's not gonna help.","Harus pulang dan istirahat. Makanan tidak akan membantu."
"91658","54","Otherwise, I'm going to take inventory of what's here.","Jika tidak, saya akan menginventarisasi apa yang ada di sini."
"91713","18","Siege in progress!","Pengepungan sedang berlangsung!"
"91732","39","Wonder what she's got for us this time?","Ingin tahu apa yang dia punya untuk kita kali ini?"
"91772","56","Well fuck it, can we just shoot it, set it off that way?","Sialan, bisakah kita menembaknya, mematikannya seperti itu?"
"91829","65","We're going to need a few things to complete this upgrade. - %1$s","Kami memerlukan beberapa hal untuk menyelesaikan peningkatan ini. - %1$s"
"91895","49","At this rate, we could start our own lumber yard.","Kalau terus begini, kita bisa memulai tempat penebangan kayu kita sendiri."
"91945","11","Born Leader","Lahir sebagai Pemimpin"
"91957","65","The best part of you dribbled down the crack of your momma's ass.","Bagian terbaik dari dirimu menggiring bola ke celah pantat ibumu."
"92023","38","Oh. Was it... I mean... did he suffer?","Oh. Apakah itu... maksudku... apakah dia menderita?"
"92062","44","TIP: Press [execute] to shove an enemy away.","TIPS: Tekan [execute] untuk mengusir musuh."
"92107","10","Good luck.","Semoga beruntung."
"92118","24","Destroy the Feral Zombie","Hancurkan Zombi Liar"
"92143","49","Let's find a vehicle than can get us out of here.","Ayo cari kendaraan yang bisa membawa kita keluar dari sini."
"92193","107","Plans to be the next big underground music sensation on the Internet, and being in the Army is his gimmick.","Berencana untuk menjadi sensasi musik underground besar berikutnya di Internet, dan menjadi tentara adalah gimmicknya."
"92301","50","DECLINE MISSION. You can gather it yourself later.","MISI PENURUNAN. Anda bisa mengumpulkannya sendiri nanti."
"92352","19","Research at Library","Penelitian di Perpustakaan"
"92372","60","My handler had me collecting tissue samples from the freaks.","Pawangku menyuruhku mengumpulkan sampel jaringan dari orang-orang aneh itu."
"92433","17","No room for that.","Tidak ada ruang untuk itu."
"92451","37","Rest in peace, you gross old bastard.","Beristirahatlah dengan tenang, dasar bajingan tua yang menjijikkan."
"92489","37","Maybe this ain't a total clusterfuck.","Mungkin ini bukan sebuah kekacauan total."
"92527","84","%1$s was in a bad place, but %2$s managed to talk them out of doing anything stupid.","%2$s berada dalam kondisi yang buruk, tetapi %2$s berhasil membujuk mereka untuk tidak melakukan hal bodoh."
"92612","14","Clear the Area","Kosongkan Areanya"
"92627","19","Not 'til I need it.","Tidak sampai aku membutuhkannya."
"92647","84","It's too bad we don't have an infirmary. As it is I'm gonna be laid out for a while.","Sayang sekali kita tidak punya rumah sakit. Karena itu aku akan dibaringkan untuk sementara waktu."
"92732","16","We're done here.","Kita sudah selesai di sini."
"92749","15","-10 Friendship.","-10 Persahabatan."
"92765","14","Quentin Barnes","Quentin Barnes"
"92780","41","I'll distract him, you bash his skull in.","Aku akan mengalihkan perhatiannya, kamu memukul tengkoraknya."
"92822","19","Zeds on your right!","Zeds di sebelah kananmu!"
"92842","23","I can't find my friend.","Saya tidak dapat menemukan teman saya."
"92883","25"," that's a lot of zombies."," itu banyak zombie."
"92909","50","That's a few zeds that won't be a problem anymore.","Itu beberapa hal yang tidak akan menjadi masalah lagi."
"92967","20","11 MIL Lt Cat Moreno","11 MIL Lt Kucing Moreno"
"92988","8","Emmanuel","Imanuel"
"92997","21","COMPLETED: Supply Run","SELESAI: Pengoperasian Pasokan"
"93019","157","Alan's been saying we should move to someplace bigger, but my dad's a carpenter and he says we could build, like, a dorm room or something to get more space.","Alan bilang kami harus pindah ke tempat yang lebih besar, tapi ayahku seorang tukang kayu dan dia bilang kami bisa membangun, misalnya, kamar asrama atau sesuatu untuk mendapatkan lebih banyak ruang."
"93177","24","How many zeds ARE there?","Berapa banyak zed yang ada di sana?"
"93202","21","I got this one, boss!","Saya dapat yang ini, bos!"
"93224","10","How is he?","Bagaimana kabarnya?"
"93235","46","Almost done. There's a lot of good stuff here.","Hampir selesai. Ada banyak hal bagus di sini."
"93289","35","So I guess we call off the medivac?","Jadi menurutku kita membatalkan medivac?"
"93325","42","Can she reconstruct her mentor's research?","Bisakah dia merekonstruksi penelitian mentornya?"
"93368","84","Cut off an arm, dig out their eyes, rip off their balls ... the zeds keep on coming.","Potong lengannya, cabut matanya, sobek bolanya... zed terus berdatangan."
"93453","8","Solvents","Pelarut"
"93462","11","Screwdriver","Obeng"
"93474","146","Needless to say, this kind of explosion is going to raise seven different kinds of hell, so if you've got any unfinished business, now's the time.","Tentu saja, ledakan semacam ini akan menimbulkan tujuh jenis neraka yang berbeda, jadi jika Anda punya urusan yang belum selesai, sekaranglah saatnya."
"93621","133","I don't know what happened, %1$s tried to get %2$s to put on these sunglasses and suddenly it was like Monday Night Wrestling. - Lily","Entah apa yang terjadi, %2$s mencoba meminta %2$s memakai kacamata hitam tersebut dan tiba-tiba terasa seperti Monday Night Wrestling. - Bunga bakung"
"93755","40","New guns in the Farmhouse supply locker.","Senjata baru di loker persediaan Rumah Pertanian."
"93796","22","Not hurting right now.","Tidak sakit saat ini."
"93823","14","Got a problem?","Ada masalah?"
"93838","13","Cancel Action","Batalkan Tindakan"
"93852","24","MISSION: Help Doc Hanson","MISI: Bantu Dok Hanson"
"93877","42","We'll need MATERIALS to fortify the walls.","Kita membutuhkan BAHAN untuk membentengi tembok."
"93920","19","80 REF Theresa Snow","80 REF Theresa Salju"
"93945","16","No, YOU shut up!","Tidak, KAU tutup mulut!"
"93962","83","Recon is telling us that another supply crate has landed at those Cleo coordinates.","Recon memberitahu kita bahwa peti perbekalan lain telah mendarat di koordinat Cleo tersebut."
"94053","11","Zombie Mask","Topeng Zombi"
"94069","91","Don't know that I'd call it a problem, exactly. I'd just advise you to keep your eyes open.","Tidak tahu apakah saya akan menyebutnya masalah, tepatnya. Saya hanya menyarankan Anda untuk tetap membuka mata."
"94161","26","All you fuckers gonna pay!","Semua yang kalian keparat akan bayar!"
"94188","18","Clear the Building","Kosongkan Gedung"
"94207","44","It takes a little longer before I get tired.","Dibutuhkan sedikit lebih lama sebelum saya lelah."
"94252","11","That sucks.","Itu menyebalkan."
"94264","99","We shouldn't just move anywhere. We need to find a suitable location if we're going to move. - %1$s","Kita tidak boleh berpindah kemana saja. Kita perlu mencari lokasi yang cocok jika kita ingin pindah. - %1$s"
"94364","24","RUMORS: Disease Epidemic","RUMOR: Epidemi Penyakit"
"94389","36","Come on. We're going to take a walk.","Ayolah. Kita akan jalan-jalan."
"94426","20","ATTITUDE: Pissed Off","SIKAP: Kesal"
"94447","17","Telescoping Baton","Tongkat Teleskop"
"94465","53","Just looking after our customer base. You understand.","Hanya menjaga basis pelanggan kami. Anda mengerti."
"94519","47","Some folks out there could still use your help.","Beberapa orang di luar sana masih membutuhkan bantuan Anda."
"94567","78","We should think about building an outpost. Might help slow down these attacks.","Kita harus berpikir untuk membangun pos terdepan. Mungkin membantu memperlambat serangan ini."
"94646","29","Uhh, they're coming this way.","Uhh, mereka datang lewat sini."
"94676","49","If we work together, we'll find a way to survive.","Jika kita bekerja sama, kita akan menemukan cara untuk bertahan hidup."
"94726","58","Kill 50 Zombies with Rifles. (Breakdown Level 2 or Higher)","Bunuh 50 Zombi dengan Senapan. (Kerusakan Level 2 atau Lebih Tinggi)"
"94785","64","But I'm digging through his drawers, looking for some duct tape.","Tapi aku sedang merogoh-rogoh lacinya, mencari lakban."
"94850","87","At least we know that next time, you will follow my orders to the letter. Highroad out.","Setidaknya kami tahu bahwa lain kali, Anda akan mengikuti perintah saya sampai tuntas. Jalan raya keluar."
"94938","38","An angry bull, this packs a big punch.","Seekor banteng yang marah, ini merupakan pukulan besar."
"94977","67","How about years of experience on the beat, huh? How's that grab ya?","Bagaimana dengan pengalaman bertahun-tahun dalam bidang ini, ya? Bagaimana kabarnya ya?"
"95045","120","The local medical examiner had been consulting with Thomas Horn on some unusual pathology discovered with recent deaths.","Pemeriksa medis setempat telah berkonsultasi dengan Thomas Horn mengenai beberapa patologi tidak biasa yang ditemukan pada kematian baru-baru ini."
"95167","120","Now he and a case full of samples are on their way to a lab. It may be a long shot, but we need every chance we can get.","Sekarang dia dan satu kotak penuh sampel sedang dalam perjalanan ke laboratorium. Ini mungkin sulit, tapi kami membutuhkan setiap peluang yang ada."
"95288","135","Yeah, but you know they'll change all the details, add some bullshit love story and a zombie-killing ninja badass to boost the ratings.","Ya, tapi tahukah Anda mereka akan mengubah semua detailnya, menambahkan kisah cinta omong kosong dan ninja pembunuh zombie yang tangguh untuk meningkatkan peringkat."
"95424","32","Everything's coming up Milhouse!","Semuanya akan terjadi Milhouse!"
"95457","10","Incendiary","Pembakar"
"95474","66","Thanks. Don't know what possessed 'em to run off like that. I just","Terima kasih. Entah apa yang membuat mereka kabur seperti itu. saya hanya"
"95543","41"," I just hope nothing terrible's happened."," Aku hanya berharap tidak terjadi hal buruk."
"95585","67","Spoken like a man who's never been to a wedding in Trumbull County.","Cara bicaranya seperti pria yang belum pernah menghadiri pesta pernikahan di Trumbull County."
"95653","60","Got my rifle, got my moonshine, got my target. Life is good.","Dapatkan senapanku, dapatkan minuman kerasku, dapatkan targetku. Hidup itu baik."
"95714","106","The bodies were clearly dead. No heartbeat, nothing. But there was this ... strange behavior in the blood.","Mayat-mayat itu jelas sudah mati. Tidak ada detak jantung, tidak ada apa-apa. Tapi ada... perilaku aneh di dalam darahnya."
"95821","123","Really? How many days did you spend sitting in an empty shelter with a pot of soup, just in case a hungry person showed up?","Benar-benar? Berapa hari yang Anda habiskan untuk duduk di tempat penampungan kosong dengan sepanci sup, untuk berjaga-jaga jika ada orang lapar yang muncul?"
"95945","36","Let me see if I can play it for you.","Biarkan saya melihat apakah saya bisa memainkannya untuk Anda."
"95982","67","TIP: Press [xi_dpad_down] (D-pad) use your radio to call in favors.","TIPS: Tekan [xi_dpad_down] (D-pad) gunakan radio Anda untuk meminta bantuan."
"96050","25","You're a life saver, Doc.","Anda adalah penyelamat hidup, Dok."
"96076","19","56 REF Lincoln Voss","56 REF Lincoln Voss"
"96096","29","I should save that for later.","Saya harus menyimpannya untuk nanti."
"96126","38","Goddammit! Eat shit you dead bastards!","Sialan! Makanlah, dasar bajingan mati!"
"96165","51","Well, guess we better get settled in. Thanks again.","Baiklah, sebaiknya kita segera menetap. Sekali lagi terima kasih."
"96217","46","Damn, I guess I better stay on your good side.","Sial, kurasa sebaiknya aku tetap berada di sisi baikmu."
"96264","18","Rifle: 597 Varmint","Senapan: 597 Anak nakal"
"96283","8","Spatulas","Spatula"
"96292","107","Dammit! This place was supposed to have a closet full of first aid kits! That son of a bitch lied to me....","Sial! Tempat ini seharusnya memiliki lemari yang penuh dengan kotak P3K! Bajingan itu berbohong padaku...."
"96400","44","Beloved by police units, light and powerful.","Dicintai oleh unit polisi, ringan dan kuat."
"96445","8","God, no!","Ya Tuhan, tidak!"
"96454","68","...say again, we have enemy contact. Send QRF to this location ASAP.","...katakan lagi, kita ada kontak musuh. Kirim QRF ke lokasi ini secepatnya."
"96530","24","Supply Lines: Fuel Found","Jalur Pasokan: Bahan Bakar Ditemukan"
"96555","89","We found one of our missing community members. Unfortunately, the zeds got to them first.","Kami menemukan salah satu anggota komunitas kami yang hilang. Sayangnya, zeds berhasil mendapatkan mereka terlebih dahulu."
"96645","43","Beats being shoved into a locker, at least.","Setidaknya, ketukan dimasukkan ke dalam loker."
"96705","27","78 GENERIC Carlos Hernandez","78 GENERIK Carlos Hernandez"
"96733","58","If you do, you're on your own. I'm not rescuing you twice.","Jika ya, Anda sendirian. Aku tidak akan menyelamatkanmu dua kali."
"96792","22","We need anything here?","Kami butuh sesuatu di sini?"
"96821","43","Economical, .22 caliber version of the Uzi.","Uzi versi kaliber .22 yang ekonomis."
"96865","35","How long has it been since you ate?","Sudah berapa lama kamu tidak makan?"
"96901","18","Huh. What's it do?","Hah. Apa fungsinya?"
"96920","93","Affirmative, soldier. You just lost another asset. Frankly, you're doing more harm than good.","Afirmatif, prajurit. Anda baru saja kehilangan aset lain. Sejujurnya, Anda melakukan lebih banyak kerugian daripada kebaikan."
"97014","26","Why would I waste my time?","Mengapa saya membuang-buang waktu saya?"
"97041","54","A lot of folks are really struggling with all of this.","Banyak orang yang benar-benar bergumul dengan semua ini."
"97096","19","11 STORY Jess Cohen","11 CERITA Jess Cohen"
"97116","182","Finally killed that one-armed bastard that killed Frankie and the rest way back at the start. I know they say these things can't think, but I swear that thing was stalking us. - %1$s","Akhirnya membunuh bajingan berlengan satu yang membunuh Frankie dan yang lainnya di awal. Aku tahu mereka bilang makhluk-makhluk ini tidak bisa berpikir, tapi aku bersumpah makhluk itu mengintai kita. - %1$s"
"97299","21","Ask about Ammo Caches","Tanyakan tentang Cache Amunisi"
"97321","54","Things got a bit hairy, and now we're stuck. Help out?","Segalanya menjadi sedikit rumit, dan sekarang kami terjebak. Membantu?"
"97383","33","Dangerous groups of roaming zeds.","Kelompok zed berkeliaran yang berbahaya."
"97417","168","He was sent in to research this disease and find a few answers. Now all he wants to do is find a way out. His hazmat suit is the ultimate defense against freak attacks.","Dia dikirim untuk meneliti penyakit ini dan menemukan beberapa jawabannya. Sekarang yang ingin dia lakukan hanyalah mencari jalan keluar. Pakaian hazmatnya adalah pertahanan terbaik melawan serangan aneh."
"97586","35","We're still gathering what we need.","Kami masih mengumpulkan apa yang kami perlukan."
"97622","69","Obliged to you. Thought them things had my number for sure this time.","Wajib bagi Anda. Kupikir mereka pasti punya nomorku kali ini."
"97692","26","How does now work for you?","Bagaimana cara kerjanya sekarang untuk Anda?"
"97719","22","RV: Needs Disinfecting","RV: Perlu Disinfeksi"
"97742","75","Maybe that's a good thing, right? Maybe it means this thing is almost over?","Mungkin itu hal yang baik, bukan? Mungkinkah itu berarti masalah ini hampir berakhir?"
"97818","91","Yeah, I did. I got you a pony. Yeah, but then it tried to eat me, so I shot it in the face.","Ya, benar. Aku membelikanmu seekor kuda poni. Ya, tapi kemudian dia mencoba memakanku, jadi aku menembak wajahnya."
"97910","59","Good news, our people just kicked some serious zombie butt.","Kabar baik, orang-orang kita baru saja menghajar beberapa zombi yang serius."
"97978","130","Took me almost 20 minutes to find a first aid kit yesterday. If it had been a more severe injury, somebody could have died. - %1$s","Butuh waktu hampir 20 menit bagi saya untuk menemukan kotak P3K kemarin. Jika cederanya lebih parah, seseorang bisa saja meninggal. - %1$s"
"98109","28","We should do one more sweep.","Kita harus melakukan satu sapuan lagi."
"98138","111","Lead's pretty easy, and you can make gunpowder if you're not afraid of your own piss, but brass? That's tricky.","Timbal cukup mudah, dan Anda bisa membuat bubuk mesiu jika Anda tidak takut dengan kencing Anda sendiri, tapi kuningan? Itu rumit."
"98250","25","Look for Places to Search","Cari Tempat untuk Dicari"
"98276","26","We should have it covered.","Kita harus menutupinya."
"98303","27","Destroy the Armored Zombies","Hancurkan Zombi Lapis Baja"
"98331","32","Well, that's one way to stop it.","Nah, itu salah satu cara untuk menghentikannya."
"98364","23","1 Outpost - PMC Snipers","1 Pos terdepan - Penembak jitu PMC"
"98388","17","What's the point?","Apa gunanya?"
"98411","41","Good to know folks here have got my back.","Senang mengetahui bahwa orang-orang di sini mendukung saya."
"98453","39","Shit, might as well get this over with.","Sial, sebaiknya selesaikan saja ini."
"98493","22","Clear 'em out, people!","Bersihkan mereka, teman-teman!"
"98516","21","Engineering Textbooks","Buku Teks Teknik"
"98538","42","Pre-1964 models are very valuable. Scoped.","Model sebelum tahun 1964 sangat berharga. Cakupan."
"98581","40","Then I'll answer any questions you want.","Lalu saya akan menjawab pertanyaan apa pun yang Anda inginkan."
"98622","124","Our scouts are reporting a lot of zombies closing in on your location. Might want to tell your sentries to wake the hell up.","Pengintai kami melaporkan banyak zombie mendekati lokasi Anda. Mungkin ingin memberitahu penjagamu untuk bangun."
"98747","74","How would you feel about helping us do a little zed-related housecleaning?","Bagaimana perasaan Anda saat membantu kami melakukan sedikit pembersihan rumah yang berhubungan dengan semangat?"
"98822","18","You're kidding me!","Anda bercanda!"
"98841","114","We think those materials may be useful. Recover them, along with any personnel you find at the site. Doghouse out.","Kami rasa materi tersebut mungkin berguna. Pulihkan mereka, bersama dengan personel yang Anda temukan di lokasi. Rumah anjing keluar."
"98956","7","Bee Wax","Lilin Lebah"
"98964","95","Unlocks the ability to create Chemical Incendiaries. REQUIRES A MUNITIONS SHOP and MEDICAL LAB.","Membuka kemampuan untuk membuat Pembakar Kimia. MEMBUTUHKAN TOKO MUNISI dan LAB MEDIS."
"99060","119","Highroad Actual to Black Friday. We've lost contact with some university faculty trying to get out of the city on foot.","Jalan Raya Aktual hingga Black Friday. Kami kehilangan kontak dengan beberapa dosen universitas yang mencoba keluar kota dengan berjalan kaki."
"99180","27","I'm happy to do what I can.","Saya senang melakukan apa yang saya bisa."
"99228","29","I could use some backup here!","Saya bisa menggunakan cadangan di sini!"
"99258","26","Like you took care of Eli?","Seperti kamu merawat Eli?"
"99285","21","Grenade Launcher Ammo","Amunisi Peluncur Granat"
"99307","28","ADVICE: Build a Medical Area","SARAN: Bangun Area Medis"
"99336","23","Octo Sedan Sport Series","Seri Olahraga Sedan Octo"
"99360","45","We've got some more rounds of .44 ammunition.","Kami punya beberapa butir amunisi .44 lagi."
"99406","54","Don't see why we don't just take whatever you brought.","Tidak mengerti mengapa kami tidak mengambil apa pun yang Anda bawa saja."
"99461","50","Let's head to a neutral location for the exchange.","Mari menuju ke lokasi netral untuk pertukaran."
"99528","22","Has a job for someone.","Memiliki pekerjaan untuk seseorang."
"99551","25","Help destroy a Juggernaut","Membantu menghancurkan Juggernaut"
"99581","32","Could use some time to cool off.","Mungkin perlu waktu untuk menenangkan diri."
"99614","34","I think I found us an opportunity.","Saya rasa saya telah menemukan peluang bagi kita."
"99649","36","Get out of here! This stuff is mine.","Keluar dari sini! Barang ini milikku."
"99686","23","Back from a supply run.","Kembali dari persediaan."
"99710","16","Time to move on.","Saatnya untuk melanjutkan."
"99727","140","You're scared, I get that, but you can't let fear own you. We keep going because we have to. You give up and the zeds win. It's that simple.","Anda takut, saya mengerti, tetapi Anda tidak bisa membiarkan rasa takut menguasai Anda. Kami terus berjalan karena kami harus melakukannya. Anda menyerah dan zeds menang. Sesederhana itu."
"99868","147","Harlan, can you pick up a carton of milk at the Tartan Mart next time you're out? I want to bake a cake for Lucy's birthday. Thanks! - Sandy xoxoxo","Harlan, bisakah kamu membeli sekotak susu di Tartan Mart lain kali kamu keluar? Saya ingin membuat kue untuk ulang tahun Lucy. Terima kasih! - Sandy xoxoxo"
"100016","10","Microscope","Mikroskop"
"100027","30","Come get us when you're ready.","Ayo jemput kami jika kamu sudah siap."
"100058","62","Sitting around the base isn't making the situation any better.","Duduk di sekitar markas tidak membuat situasi menjadi lebih baik."
"100128","28","Not till I rest up a little.","Tidak sampai aku beristirahat sebentar."
"100157","42","Seems like everyone's been on edge lately.","Sepertinya semua orang gelisah akhir-akhir ini."
"100200","14","BUILT: Library","DIBANGUN: Perpustakaan"
"100215","34","Want to help clear an infestation?","Ingin membantu memberantas infestasi?"
"100250","31","SURVIVAL TACTICS: Zombie Hordes","TAKTIK SURVIVAL: Gerombolan Zombi"
"100282","102","You have any idea how much of a living hell %2$s made my life? Should have done this years ago. - %1$s","Anda tahu betapa %1$s hidup di neraka membuat hidup saya? Seharusnya melakukan ini bertahun-tahun yang lalu. - %1$s"
"100385","43","Brought home some building materials. -%1$s","Membawa pulang beberapa bahan bangunan. -%1$s"
"100429","25","MISSION: Fork in the Road","MISI: Pertigaan Jalan"
"100455","24","HURT: Serious Blood Loss","TERLUKA: Kehilangan Darah Serius"
"100480","49","TIP: Press [ui_click] to set or clear a waypoint.","TIPS: Tekan [ui_click] untuk mengatur atau menghapus titik jalan."
"100530","26","That should do it for now.","Itu seharusnya cukup untuk saat ini."
"100563","219","Look around! Civilization has gone down in flames, people are turning on each other like jackals around half a zebra carcass, zombies are probably gonna be the only species of human left on the planet in a few years....","Lihatlah sekeliling! Peradaban telah musnah, orang-orang saling menyerang seperti serigala di sekitar setengah bangkai zebra, zombie mungkin akan menjadi satu-satunya spesies manusia yang tersisa di planet ini dalam beberapa tahun...."
"100783","66","Just sorry your reward for that looks like death by super-cholera.","Mohon maaf atas imbalan yang Anda terima karena hal itu tampak seperti kematian akibat kolera super."
"100858","23","Watch that right flank!","Perhatikan sayap kanan itu!"
"100882","47","New steps in engineering, pistol configuration.","Langkah baru dalam bidang teknik, konfigurasi pistol."
"100930","30","This is the only way out. %1$s","Ini adalah satu-satunya jalan keluar. %1$s"
"100961","16","Well that's odd.","Itu aneh."
"100986","33","You see a gun in my fuckin' hand?","Anda melihat pistol di tangan saya?"
"101020","8","Nichelle","Nichelle"
"101029","21","Do you need any help?","Apakah Anda memerlukan bantuan?"
"101051","33","Oh God, I don't want to die here!","Ya Tuhan, aku tidak ingin mati di sini!"
"101085","17","This one's clear.","Yang ini jelas."
"101103","85","The SKS Prepper rifle and the Folding Axe have been delivered into our supply locker.","Senapan SKS Prepper dan Kapak Lipat telah dikirimkan ke loker perbekalan kami."
"101189","65","Lost mine trying to bust a zombie skull back on the second night.","Kehilangan milikku saat mencoba menghancurkan tengkorak zombie kembali pada malam kedua."
"101255","12","Howdy doody!","Apa kabar buruknya!"
"101268","65","You know, rifling through things like that? That's noisy as hell.","Anda tahu, mengobrak-abrik hal-hal seperti itu? Itu berisik sekali."
"101334","118","So, wait a minute. What's the government's response to all this? Haven't they sent in the National Guard or something?","Jadi, tunggu sebentar. Apa tanggapan pemerintah terhadap semua ini? Bukankah mereka mengirim Garda Nasional atau semacamnya?"
"101453","121","I don't know about you, but I miss the comforts of modern life. You know, like being able to see after the sun goes down.","Saya tidak tahu tentang Anda, tapi saya rindu kenyamanan kehidupan modern. Anda tahu, seperti bisa melihat setelah matahari terbenam."
"101575","59","Defensive positions everybody. We're about to have company.","Posisi bertahan semuanya. Kita akan ditemani."
"101635","52","We should try to spot the hordes before they see us.","Kita harus mencoba mengenali gerombolan itu sebelum mereka melihat kita."
"101688","55","Pretty big step. Sure you want to go through with this?","Langkah yang cukup besar. Yakin Anda ingin menjalani ini?"
"101744","32","Gotta learn to use a suppressor.","Harus belajar menggunakan penekan."
"101777","8","Bed Rest","Istirahat di Tempat Tidur"
"101786","11","Behind you!","Di belakangmu!"
"101798","58","Oh yeah, here you go. Yeah, my pack was too heavy anyways.","Oh ya, ini dia. Ya, ranselku terlalu berat."
"101857","103","All right, I think I know where I stuck his notes. How many times did I tell him to clean out his crap?","Baiklah, saya rasa saya tahu di mana saya menempelkan catatannya. Berapa kali aku menyuruhnya untuk membersihkan kotorannya?"
"101961","53","I think one of them was even wearing an Army uniform.","Saya pikir salah satu dari mereka bahkan mengenakan seragam Angkatan Darat."
"102015","29","Trade our Ammo for some Fuel?","Tukarkan Amunisi kita dengan Bahan Bakar?"
"102045","17","Over here, hurry!","Ke sini, cepat!"
"102063","33","I hope this is worth the trouble.","Saya harap ini sepadan dengan masalahnya."
"102097","99","Look, I just... I just can't go back there. Not yet. If I don't bring in my quota, my ass is toast.","Dengar, aku hanya... Aku tidak bisa kembali ke sana. Belum. Jika saya tidak membawa kuota saya, saya akan terpanggang."
"102197","456","I never meant to... hell, I never thought I was even capable of something like that. I guess you never really know what you're capable of until you're three days out from your last meal and some kid grabs the last can of tuna fish out from under you, huh? Learned a lot of things that day. Like how it feels to crush the life out of somebody's throat. I don't even know who I'm writing this note to. God? Myself? That kid? Hell, whoever you are, I'm sorry.","Aku tidak pernah bermaksud... sial, aku tidak pernah berpikir aku mampu melakukan hal seperti itu. Saya kira Anda tidak pernah benar-benar tahu apa yang mampu Anda lakukan sampai Anda tiga hari setelah makan terakhir Anda dan seorang anak mengambil kaleng ikan tuna terakhir dari bawah Anda, ya? Belajar banyak hal hari itu. Seperti bagaimana rasanya menghancurkan kehidupan dari tenggorokan seseorang. Aku bahkan tidak tahu kepada siapa aku menulis surat ini. Tuhan? Saya sendiri? Anak itu? Sial, siapa pun kamu, aku minta maaf."
"102654","31","Hey, you wanted me to check in?","Hei, kamu ingin aku check-in?"
"102686","43","Okay, I admit it, I'm impressed. You happy?","Oke, saya akui, saya terkesan. kamu senang?"
"102730","10","Follow me.","Ikuti saya."
"102741","104","But we've got to have each others' backs. Together we can survive this shit. On our own, we're done for.","Tapi kita harus saling mendukung. Bersama-sama kita bisa selamat dari masalah ini. Sendirian, kita sudah selesai."
"102856","34","So how'd you and Eli meet, anyway?","Jadi, bagaimana kamu dan Eli bertemu?"
"102891","29","You aren't near any supplies!","Anda tidak berada di dekat persediaan apa pun!"
"102921","14","The Enthusiast","Penggemar"
"102936","19","COMMERCE: Biodiesel","PERDAGANGAN: Biodiesel"
"102956","58","MEDICINE RESOURCE. A stack of over-the-counter medication.","SUMBER OBAT. Setumpuk obat yang dijual bebas."
"103015","8","Eruzione","Eruzion"
"103024","44","Even tried to convince me to get a pit bull.","Bahkan mencoba meyakinkan saya untuk mendapatkan pit bull."
"103069","40","Look, I really don't have time for this.","Dengar, aku benar-benar tidak punya waktu untuk ini."
"103110","80","PERSONAL SKILL. Now, let's everybody just calm down and talk this through, okay?","KETERAMPILAN PRIBADI. Sekarang, mari kita semua tenang dan membicarakan hal ini, oke?"
"103191","35","Let's see if this is worth my time.","Mari kita lihat apakah ini sepadan dengan waktu saya."
"103235","65","TIP: Radio home using [ul_radio_menu] to relocate your home base.","TIPS: Radio ke rumah menggunakan [ul_radio_menu] untuk merelokasi markas Anda."
"103301","34","Thanks, I think I can make it now.","Terima kasih, saya rasa saya bisa melakukannya sekarang."
"103336","28","Fitted with a metal bracket.","Dilengkapi dengan braket logam."
"103365","12","Rifle: 10/22","Senapan: 22/10"
"103378","37","You can't let 'em grab you like that!","Kamu tidak bisa membiarkan mereka menangkapmu seperti itu!"
"103416","105","We've got too many rookies around here. We need a place to train people so shit like this doesn't happen.","Kami punya terlalu banyak pemula di sini. Kami membutuhkan tempat untuk melatih orang agar hal seperti ini tidak terjadi."
"103522","23","44 GENERIC Duane Harlow","44 GENERIK Duane Harlow"
"103546","15","Disarm the Nuke","Lucuti Nuke"
"103562","107","Yeah. Heard a few of their goons hit the gas station outside town, found a couple survivors holed up there.","Ya. Mendengar beberapa preman mereka menyerang pompa bensin di luar kota, menemukan beberapa orang yang selamat bersembunyi di sana."
"103670","25","INCIDENT: Horde Encounter","INSIDEN: Pertemuan Gerombolan"
"103710","31","Pistol Specialization Improved!","Spesialisasi Pistol Meningkat!"
"103742","51","I didn't come here to talk about my feelings, okay?","Saya tidak datang ke sini untuk membicarakan perasaan saya, oke?"
"103794","34","Local high school English teacher.","Guru bahasa Inggris sekolah menengah setempat."
"103829","145","We're taking heavy losses! Tell the helo to turn back. Say again, turn back! Tell my family I -- [cut to static for a few seconds, then fade out]","Kami mengalami kerugian besar! Suruh helikopter itu kembali. Katakan lagi, kembali! Beritahu keluargaku bahwa aku -- [dipotong menjadi statis selama beberapa detik, lalu menghilang]"
"103975","27","SURVIVAL TACTICS: MultiKill","TAKTIK SURVIVAL: MultiKill"
"104007","42","We can convert some of our food into fuel.","Kita bisa mengubah sebagian makanan kita menjadi bahan bakar."
"104050","20","Pastor Will is sick.","Pendeta Will sedang sakit."
"104071","30","Contact Highroad via Sat-Comms","Hubungi Highroad melalui Sat-Comms"
"104102","13","Caffine Pills","Pil Kafein"
"104116","89","Attention all civilians currently squatting in this godforsaken valley. This is the Army.","Perhatian semua warga sipil yang saat ini berjongkok di lembah terkutuk ini. Ini adalah Angkatan Darat."
"104214","25","They're breaking through!","Mereka menerobos!"
"104240","13","BUILT: Garden","DIBANGUN: Taman"
"104254","54","Last time I saw anything like that was in Afghanistan.","Terakhir kali saya melihat hal seperti itu adalah di Afghanistan."
"104309","43","Might as well take care of this batch, too.","Sebaiknya urus kumpulan ini juga."
"104353","64","TIP: Your top survival needs are FOOD, MEDICINE, and AMMUNITION.","TIPS: Kebutuhan utama Anda untuk bertahan hidup adalah MAKANAN, OBAT-OBATAN, dan Amunisi."
"104418","63","Is probably a little drunk right now. (Reduced Health and Wits)","Mungkin dia sedikit mabuk saat ini. (Kesehatan dan Kecerdasan Berkurang)"
"104482","13","I'm not sure.","Saya tidak yakin."
"104496","24","What's that on the left?","Apa itu di sebelah kiri?"
"104521","37","A simple blade with a single purpose.","Pisau sederhana dengan satu tujuan."
"104559","58","A workshop to focus on making explosives and incendiaries.","Lokakarya yang berfokus pada pembuatan bahan peledak dan pembakar."
"104618","14","Resource Cache","Tembolok Sumber Daya"
"104633","8","Florence","Florence"
"104642","15","Distilled Water","Air Suling"
"104658","33","What? No, please... please don't.","Apa? Tidak, tolong... tolong jangan."
"104699","27","I'm feeling kind of...lost.","Aku merasa agak... tersesat."
"104727","60","What kind of a person turns a gun on someone they live with?","Orang seperti apa yang menodongkan senjata ke seseorang yang tinggal bersamanya?"
"104788","65","It was a long time ago. Least it spared her from seeing all this.","Itu sudah lama sekali. Setidaknya itu menghindarkannya dari melihat semua ini."
"104854","31","ADVICE: Upgrade to Machine Shop","SARAN: Tingkatkan ke Toko Mesin"
"104894","63","We could use some extra manpower to clear this infestation out.","Kita bisa menggunakan tenaga ekstra untuk memberantas serangan ini."
"104958","22","Let me think about it.","Biarkan saya memikirkannya."
"104981","19","Hey, a hiding spot.","Hei, tempat persembunyian."
"105006","110","Will eat anything and everything. Never seems to suffer any ill effects. (Bonus Health, Resistant to Sickness)","Akan makan apa saja. Sepertinya tidak pernah menderita efek buruk apa pun. (Bonus Kesehatan, Tahan Penyakit)"
"105117","19","Protect Your Friend","Lindungi Teman Anda"
"105137","9","Let's go!","Ayo pergi!"
"105147","29","This isn't going to be quick.","Ini tidak akan berlangsung cepat."
"105177","123","Doghouse Actual to Greyhound One, I ... have images of the LZ. Looks like Greyhound Two is on site, but we have zero comms.","Doghouse Sesuai dengan Greyhound One, saya ... punya gambar LZ. Sepertinya Greyhound Two ada di lokasi, tapi kita tidak punya komunikasi."
"105301","43","Forget it. You'd have done the same for us.","Lupakan. Anda akan melakukan hal yang sama untuk kami."
"105345","20","Move out, right now!","Keluar sekarang juga!"
"105366","55","Oh, thank god! I mean, that's good news, Greyhound One.","Terima kasih Tuhan! Maksudku, itu kabar baik, Greyhound One."
"105422","9","%+d Fame.","%+d Ketenaran."
"105432","44","Let's hope you're more useful than you look.","Semoga saja Anda lebih berguna daripada yang terlihat."
"105477","73","We need help! Everybody's gone crazy, some guy freakin' mauled my friend!","Kami butuh bantuan! Semua orang jadi gila, ada pria yang menganiaya temanku!"
"105551","29","SURVIVAL TACTICS: Bloated Zed","TAKTIK SURVIVAL: Kembung Zed"
"105581","15","Everybody else ","Semua orang lainnya "
"105599","59"," take whatever you want from our stockpiles. After what you"," ambil apa pun yang Anda inginkan dari persediaan kami. Setelah apa yang kamu"
"105661","53","ve been through, you deserve it. Good luck out there.","telah melaluinya, kamu pantas mendapatkannya. Semoga beruntung di luar sana."
"105715","34","Black pen on a yellow sticky-note.","Pena hitam pada catatan tempel kuning."
"105750","28","Whenever you're ready, boss.","Kapan pun Anda siap, bos."
"105779","71","Next person that tries to take what's mine gets worse than that. - %1$s","Orang berikutnya yang mencoba mengambil milikku menjadi lebih buruk dari itu. - %1$s"
"105851","9","Dog Lover","Pencinta Anjing"
"105861","28","Danforth has been destroyed.","Danforth telah dihancurkan."
"105890","38","You okay? Come on, we gotta get going.","Kamu baik-baik saja? Ayo, kita harus berangkat."
"105929","67","If we don't get some guns, the next attack just might overwhelm us.","Jika kita tidak mendapatkan senjata, serangan berikutnya mungkin akan membuat kita kewalahan."
"105997","34","Come on, come on... where are you?","Ayo, ayo... kamu dimana?"
"106032","56","Aw, no, no, no, this is bad, this is really fucking bad!","Ah, tidak, tidak, tidak, ini buruk, ini sungguh buruk!"
"106089","26","MISSION: Search and Rescue","MISI: Pencarian dan Penyelamatan"
"106122","32","INCIDENT: Fight in the Community","INSIDEN: Bertarung di Komunitas"
"106155","80","This modern firearm is the spiritual successor to the great Czech gun engineers.","Senjata api modern ini adalah penerus spiritual para insinyur senjata besar Ceko."
"106236","47","All right, Black Friday, you've got new orders.","Baiklah, Black Friday, Anda mendapat pesanan baru."
"106284","131","Gimme some two-by-fours, a hammer and nails, and a couple of guys to keep the zombies off my back, and I'll rebuild the whole town.","Beri aku beberapa alat merangkak, palu dan paku, dan beberapa orang untuk mengusir zombie dari punggungku, dan aku akan membangun kembali seluruh kota."
"106416","33","Everybody stand back. I got this.","Semua orang mundur. Saya mengerti."
"106450","13","Protect Jacob","Lindungi Yakub"
"106464","16","Watch the front.","Perhatikan bagian depan."
"106481","23","22 GENERIC Susan Friedl","22 GENERIK Susan Friedl"
"106505","14","Rebellious Kid","Anak Pemberontak"
"106520","38","Did we make it? Holy shit, we made it.","Apakah kita berhasil? Sialan, kita berhasil."
"106559","27","COMPLETED: Friend In Danger","SELESAI: Teman Dalam Bahaya"
"106587","52","I'll make it easy for you by marking it on your map.","Saya akan memudahkan Anda dengan menandainya di peta Anda."
"106640","46","It's pretty garbled. Let me see what I can do.","Ini sangat kacau. Biarkan saya melihat apa yang bisa saya lakukan."
"106687","41","We need to make things safer around here.","Kita perlu membuat segalanya lebih aman di sini."
"106729","25","Clear out the Infestation","Bersihkan Infestasi"
"106755","19","Time to get moving!","Saatnya bergerak!"
"106775","46","Uh, yeah, sorry about that. I've been... busy.","Eh, ya, maaf soal itu. Aku sedang... sibuk."
"106822","23","2 STORY Wendell Higgins","CERITA ke-2 Wendell Higgins"
"106846","34","Zeds have a breach at Vehicle Ops!","Zeds mengalami pelanggaran di Vehicle Ops!"
"106889","110","Kilo, keep Doctor Horn safe while I get Private Vincent. Do not wait for us. The doctor is your only priority.","Kilo, jaga keselamatan Dokter Horn selagi aku memanggil Prajurit Vincent. Jangan tunggu kami. Dokter adalah satu-satunya prioritas Anda."
"107000","36","Now really isn't a good time! Sorry.","Sekarang bukan saat yang tepat! Maaf."
"107037","14","Watch my back.","Awasi punggungku."
"107052","29","It's not safe! It's not safe!","Itu tidak aman! Itu tidak aman!"
"107082","35","He seem a little... twitchy to you?","Dia tampak sedikit... gelisah bagimu?"
"107118","58","I should RADIO Mickey if I need some covering fire. - %1$s","Saya harus RADIO Mickey jika saya membutuhkan api pelindung. - %1$s"
"107177","107","All those repairs we had to make after the last attack, they really burned through our supply of materials.","Semua perbaikan yang harus kami lakukan setelah serangan terakhir, benar-benar menghabiskan persediaan material kami."
"107285","68","But if we find another one, I'll show you how to strum a few chords.","Namun jika kita menemukan yang lain, saya akan menunjukkan cara memetik beberapa akord."
"107354","22","The sooner the better.","Lebih cepat lebih baik."
"107377","81","I just... I wanted to leave something behind. For the people that didn't make it.","Aku hanya... Aku ingin meninggalkan sesuatu. Untuk orang-orang yang tidak berhasil."
"107459","16","High Value Asset","Aset Bernilai Tinggi"
"107476","22","It's nice to get away.","Senang rasanya bisa pergi."
"107499","13","Talk to Jacob","Bicaralah dengan Yakub"
"107513","17","Save Game Deleted","Simpan Game Dihapus"
"107538","29","Catalogued today's hot spots.","Katalog hot spot hari ini."
"107568","23","This, this is too much.","Ini, ini keterlaluan."
"107592","71","Whatever fertilizer we're using, it's working. That last crop was huge.","Apapun pupuk yang kami gunakan, itu berhasil. Hasil panen terakhir itu sangat besar."
"107664","48","We're not opening up until the zombies are gone.","Kami tidak akan membuka diri sampai zombie-zombie itu hilang."
"107713","44","H-Hello? Has anybody out there seen Quentin?","H-Halo? Apakah ada orang di luar sana yang melihat Quentin?"
"107758","45","Things haven't been going so well, have they?","Segalanya tidak berjalan dengan baik, bukan?"
"107804","41","I got a few ideas where to look. Come on.","Saya punya beberapa ide di mana mencarinya. Ayo."
"107846","92","It's a dirty job, but somebody's got to do it. A clean latrine is the key to a healthy unit.","Itu pekerjaan kotor, tapi harus ada yang melakukannya. Jamban yang bersih adalah kunci dari unit yang sehat."
"107939","20","If we can fix it up ","Jika kita bisa memperbaikinya "
"107962","36"," it might be our ticket out of here."," itu mungkin tiket kita keluar dari sini."
"107999","42","We have smoke. I say again, we have smoke.","Kami punya asap. Saya katakan lagi, kita punya asap."
"108042","103","I don't think Vienna Cho's going to be happy until everyone in Danforth is safe. She kinda has a point.","Menurutku Vienna Cho tidak akan bahagia sampai semua orang di Danforth selamat. Dia ada benarnya."
"108146","11","Silverstone","batu perak"
"108158","24","JOURNAL: Peace and Quiet","JURNAL: Damai dan Tenang"
"108183","12","Machine Shop","Toko Mesin"
"108196","75","Try not to get yourself killed. The longer you search, the riskier it gets.","Cobalah untuk tidak membuat diri Anda terbunuh. Semakin lama Anda mencari, semakin berisiko."
"108272","86","Good, that is ... really good. Uh ... stand by for your next assignment. Doghouse out.","Bagus, itu...sangat bagus. Uh... bersiaplah untuk tugasmu selanjutnya. Rumah anjing keluar."
"108359","40","They need you to bail them out of a jam.","Mereka membutuhkan Anda untuk menyelamatkan mereka dari kemacetan."
"108400","106","Sometimes I feel a little lost. %1$s usually knows what we should do, though. That's a good thing. - %2$s.","Terkadang saya merasa sedikit tersesat. %2$s biasanya tahu apa yang harus kita lakukan. Itu hal yang bagus. - %2$s."
"108507","38","Together, we'll get out of here alive.","Bersama-sama, kita akan keluar dari sini hidup-hidup."
"108546","41","More hands are always a good thing. -%1$s","Lebih banyak tangan selalu merupakan hal yang baik. -%1$s"
"108588","17","Suppressed Weapon","Senjata yang Ditekan"
"108606","16","NOTE: A Windfall","CATATAN: Rejeki nomplok"
"108623","38","Feel like getting a little mercantile?","Merasa ingin menjadi sedikit pedagang?"
"108662","42","This trade should benefit everybody. -%1$s","Perdagangan ini harus menguntungkan semua orang. -%1$s"
"108705","55","A place to resupply without traveling all the way home.","Tempat untuk perbekalan tanpa harus jauh-jauh pulang."
"108761","22","Any idea who they are?","Tahu siapa mereka?"
"108784","30","Fuckin A, that's a lotta zeds!","Sialan A, itu sangat bagus!"
"108815","78","I dunno, there's just something satisfying about building something, you know?","Entahlah, ada sesuatu yang memuaskan dalam membangun sesuatu, lho?"
"108894","33","Okay. We're done. I'm going home.","Oke. Kita sudah selesai. aku akan pulang."
"108928","27","Requires HIGH ALCOHOL BEER.","Membutuhkan BIR ALKOHOL TINGGI."
"108956","33","It's good to see a friendly face.","Senang rasanya melihat wajah ramah."
"108990","40","Yeah! Now that's what I'm talking about!","Ya! Sekarang itulah yang saya bicarakan!"
"109031","16","Better hurry up.","Lebih baik cepat."
"109048","9","Infirmary","Rumah sakit"
"109058","28","We're close. I can smell it.","Kami dekat. Aku bisa menciumnya."
"109093","135","Okay, I was a smug, elitist ""foodie"" and I'm pretty sure all my friends wanted to throttle me whenever I said the words ""dinner party.""","Oke, saya adalah seorang ""pecinta kuliner"" yang sombong dan elitis, dan saya cukup yakin semua teman saya ingin mencekik saya setiap kali saya mengucapkan kata ""pesta makan malam""."
"109229","31","It's like I'm living the dream!","Ini seperti aku mewujudkan mimpi itu!"
"109261","29","Sam? What are you doing here?","Sam? Apa yang kamu lakukan di sini?"
"109297","30","What about personnel, General?","Bagaimana dengan personelnya, Jenderal?"
"109328","86","It isn't just about fuel for your body. A good meal can nourish the soul. (Good cook.)","Ini bukan hanya tentang bahan bakar untuk tubuh Anda. Makanan yang enak dapat menyehatkan jiwa. (Juru masak yang baik.)"
